{"camera_matrix": [[628.9314491186467, 0.0, 630.1602405728107], [0.0, 629.4771416992263, 358.17569878633566], [0.0, 0.0, 1.0]], "distortion_coefficients": [[-0.11131907206918198, 0.13530736449644315, -0.0010925351794813663, 0.0001661571620210121, -0.1219951385370675]]}